,Q14_rate,Q16_rate,Q20_rate
0,0.3656716417910448,0.31343283582089554,0.2835820895522388
3,0.3208955223880597,0.3582089552238806,0.41044776119402987
4,0.31343283582089554,0.3283582089552239,0.30597014925373134
