,Q9_rate,Q11_rate,Q18_rate,Q22_rate
0,0.291044776119403,0.41044776119402987,0.2835820895522388,0.3656716417910448
1,0.44029850746268656,0.3582089552238806,0.27611940298507465,0.3656716417910448
2,0.26865671641791045,0.23134328358208955,0.44029850746268656,0.26865671641791045
