,Q9_rate,Q11_rate,Q18_rate,Q22_rate
0,0.2222222222222222,0.2222222222222222,0.3333333333333333,0.5555555555555556
1,0.1111111111111111,0.4444444444444444,0.4444444444444444,0.2222222222222222
2,0.6666666666666666,0.3333333333333333,0.2222222222222222,0.2222222222222222
