,Q14_rate,Q16_rate,Q20_rate
0,0.3333333333333333,0.4444444444444444,0.2222222222222222
3,0.4444444444444444,0.3333333333333333,0.2222222222222222
4,0.2222222222222222,0.2222222222222222,0.5555555555555556
