,ranking,chosing,robots,q
0,0.38095238095238093,0.7051282051282051,0.722466960352423,0
1,0.5,0.7307692307692308,0.801762114537445,1
2,0.5238095238095238,0.6153846153846154,0.6563876651982379,2
3,0.16666666666666663,0.6666666666666667,0.5374449339207048,3
4,0.5476190476190477,0.6025641025641026,0.5726872246696035,4
5,0.30952380952380953,0.46153846153846156,0.6255506607929515,5
6,0.47619047619047616,0.7564102564102564,0.6079295154185023,6
