,behavior1,behavior2,measurement,mean1,std1,mean2,std2,test_type,test_value,p_value
0,0,1,Anthropomorphism,2.5322314049586776,0.9123426691794645,2.6198347107438016,0.8882210530709443,mannwhitneyu,6844.0,0.19043303570220904
1,0,1,Animacy,2.796143250688705,0.8140796903689447,2.8305785123966936,0.8067950629779203,ttest,-0.33048916606630585,0.7413187008034374
2,0,1,Likability,3.604958677685951,0.7778015213481974,3.704132231404959,0.7230026157415657,mannwhitneyu,6790.5,0.16414222024778957
3,0,1,Intelligence,3.409917355371901,0.8237520823117521,3.469421487603306,0.7796198833626777,mannwhitneyu,7223.5,0.4293972006441969
4,0,1,Safety,3.247933884297521,0.7025468557193715,3.366391184573003,0.6699985609128906,mannwhitneyu,6533.0,0.07171763371997529
5,0,0,agreement with rational,0.16765053128689492,0.369167884835637,0.16765053128689492,0.369167884835637,wilcoxon,1340.5,4.552415637420722e-06
6,0,0,Prefer,0.5371900826446281,0.5006882315714638,0.5371900826446281,0.5006882315714638,mannwhitneyu,7320.5,0.49957581779291665
