,behavior1,behavior2,measurement,mean1,std1,mean2,std2,test_type,test_value,p_value
0,0,1,Anthropomorphism,2.72863436123348,0.9172966164392494,2.4964601769911505,0.8719255017656622,mannwhitneyu,21758.0,0.00255379648030585
1,0,1,Animacy,2.911160058737151,0.7813036375013608,2.797197640117994,0.7547688801833126,mannwhitneyu,23297.5,0.04517042905593301
2,0,1,Likability,3.578854625550661,0.7896972148628473,3.4265486725663723,0.837139860781543,mannwhitneyu,22949.5,0.025835458727595264
3,0,1,Intelligence,3.5568281938325996,0.7631354636227823,3.163716814159292,0.8244660976147095,mannwhitneyu,18598.0,1.8956709479769917e-07
4,0,1,Safety,3.3303964757709252,0.6487194779631663,3.278761061946902,0.6558163239833356,mannwhitneyu,24605.5,0.22340134756691393
5,0,0,agreement with rational,0.14977973568281938,0.36538738752344546,0.14981036662452593,0.3661981672075997,wilcoxon,4864.5,6.027330148856064e-09
6,0,0,Prefer,0.7092511013215859,0.4551114454939341,0.7092511013215859,0.4551114454939341,mannwhitneyu,25764.5,0.49981856611788256
