,behavior1,behavior2,measurement,mean1,std1,mean2,std2,test_type,test_value,p_value
0,0,1,Anthropomorphism,2.758260869565217,0.8961890668998457,2.5808695652173914,0.8657109087763482,ttest,1.5266870677796742,0.12822485751438623
1,0,1,Animacy,2.9565217391304346,0.7922895230680642,2.8855072463768114,0.7948313837244142,ttest,0.6785788787200051,0.49809289736929685
2,0,1,Likability,3.7547826086956517,0.6938632604889042,3.638260869565218,0.7911331656150432,mannwhitneyu,5967.5,0.09961976551900187
3,0,1,Intelligence,3.6400000000000006,0.7024768211197621,3.3878260869565215,0.7765361488955753,ttest,2.5825474494050487,0.010432586348058416
4,0,1,Safety,3.3507246376811595,0.6501513967647423,3.347826086956522,0.6643106091831932,mannwhitneyu,6556.0,0.4552009022386693
5,0,0,agreement with rational,0.1453416149068323,0.37748228853567195,0.1453416149068323,0.37748228853567195,wilcoxon,1379.0,9.832532295841583e-05
6,0,0,Prefer,0.6956521739130435,0.4621443733460444,0.6956521739130435,0.4621443733460444,mannwhitneyu,6612.5,0.4995039552661569
