,behavior1,behavior2,measurement,mean1,std1,mean2,std2,test_type,test_value,p_value
0,0,1,Anthropomorphism,2.6358490566037727,0.9331144654170408,2.6584905660377354,0.888430175140753,mannwhitneyu,5530.0,0.4221358325165844
1,0,1,Animacy,2.864779874213837,0.7201238898214837,2.9261006289308185,0.7296009595304469,ttest,-0.6158579603125313,0.5386551907987867
2,0,1,Likability,3.349056603773585,0.8499014265553015,3.303773584905661,0.860224171038256,mannwhitneyu,5489.5,0.3867901968608284
3,0,1,Intelligence,3.262264150943397,0.845092593426608,3.283018867924529,0.8136305114512487,mannwhitneyu,5588.0,0.4735819116254313
4,0,1,Safety,3.279874213836478,0.5947509237284387,3.3301886792452824,0.6282507554154978,mannwhitneyu,5425.5,0.33082772355369083
5,0,0,agreement with rational,0.1293800539083558,0.3616871715486922,0.1293800539083558,0.3616871715486922,wilcoxon,1108.0,0.0003027176035762069
6,0,0,Prefer,0.4056603773584906,0.49335203092223545,0.4056603773584906,0.49335203092223545,mannwhitneyu,5618.0,0.49947481682476513
