,behavior1,behavior2,measurement,mean1,std1,mean2,std2,test_type,test_value,p_value
0,0,1,Anthropomorphism,2.732663316582914,0.9283897443341909,2.519597989949749,0.8876070652141981,mannwhitneyu,17053.5,0.008224623458803136
1,0,1,Animacy,2.933835845896147,0.7966362882993757,2.814070351758794,0.7712880139175239,ttest,1.5236717236826456,0.12838890105743095
2,0,1,Likability,3.5879396984924625,0.8071994711620871,3.455276381909548,0.8494560344952401,mannwhitneyu,17970.0,0.05474139294328903
3,0,1,Intelligence,3.5437185929648245,0.7730617608358967,3.230150753768844,0.8142018942702525,mannwhitneyu,15444.0,6.964653667864322e-05
4,0,1,Safety,3.3316582914572863,0.648314301640623,3.2931323283082072,0.6526753745761438,mannwhitneyu,19341.0,0.34249085995554707
5,0,0,agreement with rational,0.13711414213926776,0.3668491129775481,0.13711414213926776,0.3668491129775481,wilcoxon,4055.5,5.565954044869424e-07
6,0,0,Prefer,0.6934673366834171,0.4622163751567797,0.6934673366834171,0.4622163751567797,mannwhitneyu,19800.5,0.4997823203828862
