,behavior1,behavior2,measurement,mean1,std1,mean2,std2,test_type,test_value,p_value
0,0,1,Anthropomorphism,2.5500000000000003,0.9266815735400907,2.544642857142857,0.9207164548430696,mannwhitneyu,6230.5,0.46622153140328937
1,0,1,Animacy,2.7574404761904767,0.7190001095870275,2.8035714285714284,0.7675912578946813,ttest,-0.46418697342790777,0.6429686567816492
2,0,1,Likability,3.3410714285714285,0.8419789613930809,3.260714285714286,0.8377745232854433,mannwhitneyu,5957.0,0.25761158615377516
3,0,1,Intelligence,3.1875,0.8737539390159829,3.2232142857142856,0.838164247041894,ttest,-0.3121685463201136,0.7552054397007195
4,0,1,Safety,3.2380952380952377,0.6444163369068285,3.2857142857142856,0.6512591067604537,mannwhitneyu,6018.0,0.29791988914753764
5,0,0,agreement with rational,0.15433673469387754,0.3541773367972174,0.15433673469387754,0.3541773367972174,wilcoxon,1071.0,1.321111703441316e-05
6,0,0,Prefer,0.44642857142857145,0.49935608472962395,0.44642857142857145,0.49935608472962395,mannwhitneyu,6272.0,0.49952232388246437
