,behavior1,behavior2,measurement,mean1,std1,mean2,std2,test_type,test_value,p_value
0,0,1,Anthropomorphism,2.876635514018692,0.8746513525617946,2.542056074766356,0.835535912439974,mannwhitneyu,4341.0,0.0010972619515629111
1,0,1,Animacy,2.9330218068535823,0.7311071889553523,2.7803738317757003,0.7010018776838698,mannwhitneyu,5017.5,0.058787472935163204
2,0,1,Likability,3.4018691588785046,0.8016470437287828,3.2317757009345796,0.8057105303080432,mannwhitneyu,5046.0,0.06644620603266303
3,0,1,Intelligence,3.3794392523364487,0.7750518324428506,2.9738317757009343,0.7498850790694319,ttest,3.8904678125791574,0.0001339338371964662
4,0,1,Safety,3.264797507788162,0.6340087721635348,3.183800623052959,0.6043754592328171,mannwhitneyu,5397.5,0.23185685134734557
5,0,0,agreement with rational,0.14018691588785048,0.39974063039290075,0.14018691588785048,0.39974063039290075,wilcoxon,1293.0,0.0005064100196348257
6,0,0,Prefer,0.7009345794392523,0.4600031433655528,0.7009345794392523,0.4600031433655528,mannwhitneyu,5724.5,0.4994446326640232
