,behavior1,behavior2,measurement,mean1,std1,mean2,std2,test_type,test_value,p_value
0,0,1,Anthropomorphism,2.645217391304348,0.9010951892257368,2.6939130434782608,0.8690877407627866,mannwhitneyu,6373.5,0.3178520084713771
1,0,1,Animacy,2.918840579710145,0.8195840055775193,2.923188405797101,0.7683070921048598,ttest,-0.041503913020465084,0.9669304952522859
2,0,1,Likability,3.6834782608695655,0.7543941957580533,3.7095652173913045,0.7380597980151908,mannwhitneyu,6513.0,0.4218397667980924
3,0,1,Intelligence,3.5095652173913043,0.7549804125544988,3.518260869565217,0.7473441407299904,ttest,-0.08778022752102166,0.9301284012837882
4,0,1,Safety,3.3159420289855075,0.6794727319701459,3.3826086956521735,0.6325225315711409,mannwhitneyu,6165.5,0.18479551818760592
5,0,0,agreement with rational,0.1453416149068323,0.37748228853567195,0.1453416149068323,0.37748228853567195,wilcoxon,1379.0,9.832532295841583e-05
6,0,0,Prefer,0.5478260869565217,0.49988557042990095,0.5478260869565217,0.49988557042990095,mannwhitneyu,6612.5,0.4995414064641649
