,behavior1,behavior2,measurement,mean1,std1,mean2,std2,test_type,test_value,p_value
0,0,1,Anthropomorphism,2.5166666666666666,0.9205710077947039,2.5233333333333334,0.9345590191229709,mannwhitneyu,7151.0,0.4639930363322135
1,0,1,Animacy,2.8236111111111115,0.7963196838609797,2.870833333333333,0.8372352627273063,ttest,-0.4476948615668625,0.654780650004757
2,0,1,Likability,3.658333333333333,0.7997461081712207,3.673333333333334,0.7851278687628679,mannwhitneyu,7145.5,0.45980662276261197
3,0,1,Intelligence,3.476666666666667,0.8204050376309912,3.5766666666666667,0.7971307088218208,mannwhitneyu,6666.0,0.15963264450335735
4,0,1,Safety,3.355555555555555,0.6883495373644057,3.402777777777778,0.6594792294155299,mannwhitneyu,6994.5,0.34968125620776347
5,0,0,agreement with rational,0.15833333333333333,0.33325686540722715,0.15833333333333333,0.33325686540722715,wilcoxon,1131.0,1.631685364225285e-06
6,0,0,Prefer,0.45,0.49957965524305853,0.45,0.49957965524305853,mannwhitneyu,7200.0,0.4995695439237481
