,behavior1,behavior2,measurement,mean1,std1,mean2,std2,test_type,test_value,p_value
0,0,1,Anthropomorphism,2.52,0.9256548061149372,2.709345794392523,0.8696265142180614,mannwhitneyu,22081.0,0.004877830340995035
1,0,1,Animacy,2.8472222222222223,0.8156658066866218,2.8566978193146415,0.7186133252169514,mannwhitneyu,24737.0,0.24912746915756706
2,0,1,Likability,3.665833333333333,0.790846782375615,3.3168224299065416,0.8063114859979881,mannwhitneyu,19275.5,2.053779545697591e-06
3,0,1,Intelligence,3.526666666666667,0.8087112877915051,3.1766355140186917,0.787469881889503,mannwhitneyu,19252.5,1.909424724920101e-06
4,0,1,Safety,3.379166666666667,0.6730732958250284,3.2242990654205603,0.6192456766108335,mannwhitneyu,22021.5,0.003925490535851642
5,0,0,agreement with rational,0.15833333333333333,0.3325589445042025,0.14018691588785046,0.39880116815313926,wilcoxon,4498.0,1.2242239945559118e-11
6,0,0,Prefer,0.5,0.50104493321917,0.5,0.50104493321917,mannwhitneyu,28800.0,0.4998484153139327
