,behavior1,behavior2,measurement,mean1,std1,mean2,std2,test_type,test_value,p_value
0,0,1,Anthropomorphism,2.703883495145631,0.9146421216796498,2.496116504854369,0.8769595290711539,mannwhitneyu,18329.5,0.008308592411239511
1,0,1,Animacy,2.8980582524271843,0.7953908584641347,2.7969255663430417,0.766610982681991,mannwhitneyu,19476.5,0.07428988016534241
2,0,1,Likability,3.5699029126213597,0.7963740941574718,3.441747572815534,0.8273406437784491,mannwhitneyu,19319.5,0.057469392395803946
3,0,1,Intelligence,3.5446601941747575,0.762950390656489,3.196116504854369,0.8038835409037911,mannwhitneyu,15916.5,5.361081121302461e-06
4,0,1,Safety,3.3187702265372168,0.6587360797978004,3.288025889967637,0.6560926362137587,mannwhitneyu,20655.5,0.3186708106420951
5,0,0,agreement with rational,0.1477115117891817,0.36178338974764324,0.1477115117891817,0.36178338974764324,wilcoxon,4070.0,3.475488201297343e-08
6,0,0,Prefer,0.6941747572815534,0.4618785064026796,0.6941747572815534,0.4618785064026796,mannwhitneyu,21218.0,0.4997931786122783
