,behavior1,behavior2,measurement,mean1,std1,mean2,std2,test_type,test_value,p_value
0,0,1,Anthropomorphism,2.6982142857142857,0.9415324046379226,2.3964285714285714,0.8797961036747003,mannwhitneyu,5057.0,0.0060178340477204375
1,0,1,Animacy,2.8645833333333335,0.7706227900110951,2.6964285714285716,0.7064745212010474,ttest,1.7022169417704514,0.09011450870300537
2,0,1,Likability,3.398214285714286,0.8427734290822491,3.2035714285714283,0.8274489801019845,mannwhitneyu,5539.5,0.06494090950952866
3,0,1,Intelligence,3.471428571428571,0.8151083022528628,2.939285714285714,0.8119997717632864,ttest,4.894801151643603,1.8921603157392544e-06
4,0,1,Safety,3.3095238095238093,0.6495001322943836,3.2142857142857144,0.6435280989423959,mannwhitneyu,5736.5,0.13149139032507862
5,0,0,agreement with rational,0.15433673469387754,0.3541773367972174,0.15433673469387754,0.3541773367972174,wilcoxon,1071.0,1.321111703441316e-05
6,0,0,Prefer,0.7232142857142857,0.4494204762566615,0.7232142857142857,0.4494204762566615,mannwhitneyu,6272.0,0.49946924878804155
