,behavior1,behavior2,measurement,mean1,std1,mean2,std2,test_type,test_value,p_value
0,0,1,Anthropomorphism,2.695287958115183,0.9160147067375572,2.424083769633508,0.8613612686039338,mannwhitneyu,15059.0,0.0015640072339195713
1,0,1,Animacy,2.887434554973822,0.805307171930216,2.7635253054101225,0.7638097175279875,ttest,1.542866285998158,0.123695547359493
2,0,1,Likability,3.6209424083769637,0.7899241481456576,3.435602094240838,0.847031677028863,mannwhitneyu,15911.0,0.015128168091769484
3,0,1,Intelligence,3.5842931937172775,0.7583669420855366,3.1801047120418846,0.840690186083839,mannwhitneyu,13138.0,1.0475616987604426e-06
4,0,1,Safety,3.336823734729494,0.6762378978569784,3.261780104712042,0.679782796786424,mannwhitneyu,17146.0,0.15211684120905505
5,0,0,agreement with rational,0.1824981301421092,0.3481257464020411,0.1824981301421092,0.3481257464020411,wilcoxon,2703.0,8.965330356595586e-11
6,0,0,Prefer,0.7172774869109948,0.45150615950332346,0.7172774869109948,0.45150615950332346,mannwhitneyu,18240.5,0.49976299800502894
