,behavior1,behavior2,measurement,mean1,std1,mean2,std2,test_type,test_value,p_value
0,0,1,Anthropomorphism,2.496666666666667,0.9487659683742341,2.543333333333334,0.9053281436137106,mannwhitneyu,6982.5,0.34296812935325915
1,0,1,Animacy,2.826388888888889,0.8276827566891257,2.8680555555555554,0.8063982681171162,ttest,-0.39498804773555785,0.6932054716546138
2,0,1,Likability,3.67,0.793524210260095,3.661666666666667,0.7914653289606429,mannwhitneyu,7195.5,0.4970176857596055
3,0,1,Intelligence,3.496666666666667,0.8264466138851565,3.556666666666666,0.7929026913002304,mannwhitneyu,7032.0,0.3772547752920463
4,0,1,Safety,3.344444444444444,0.6993839270194673,3.413888888888889,0.6467556514671035,mannwhitneyu,6837.5,0.24763863580724277
5,0,0,agreement with rational,0.15833333333333333,0.33325686540722715,0.15833333333333333,0.33325686540722715,wilcoxon,1131.0,1.631685364225285e-06
6,0,0,Prefer,0.5333333333333333,0.5009794328681196,0.5333333333333333,0.5009794328681196,mannwhitneyu,7200.0,0.4995707466528657
