,behavior1,behavior2,measurement,mean1,std1,mean2,std2,test_type,test_value,p_value
0,0,1,Anthropomorphism,2.659130434782609,0.89127305483568,2.6800000000000006,0.8797128718179048,mannwhitneyu,6464.5,0.3847734397896903
1,0,1,Animacy,2.9130434782608696,0.7818443687854002,2.9289855072463773,0.8066067560171097,ttest,-0.15218816891781092,0.8791731103544739
2,0,1,Likability,3.6817391304347824,0.7548187430495392,3.711304347826087,0.737559419835411,mannwhitneyu,6437.5,0.3640812896493541
3,0,1,Intelligence,3.499130434782609,0.7545761738458048,3.528695652173913,0.7474829361886539,mannwhitneyu,6480.5,0.39669718986079616
4,0,1,Safety,3.3246376811594205,0.6644126655818724,3.373913043478261,0.6491076887485681,mannwhitneyu,6407.0,0.34018930050474777
5,0,0,agreement with rational,0.1453416149068323,0.37748228853567195,0.1453416149068323,0.37748228853567195,wilcoxon,1379.0,9.832532295841583e-05
6,0,0,Prefer,0.4956521739130435,0.5021692075819447,0.4956521739130435,0.5021692075819447,mannwhitneyu,6612.5,0.49954349193806924
