,behavior1,behavior2,measurement,mean1,std1,mean2,std2,test_type,test_value,p_value
0,0,1,Anthropomorphism,2.905555555555555,0.9164978199473548,2.8388888888888886,0.880025252162939,mannwhitneyu,615.0,0.3565001225999178
1,0,1,Animacy,3.0370370370370363,0.6338483008025935,2.9444444444444446,0.7093480127374737,mannwhitneyu,609.5,0.3335682664483921
2,0,1,Likability,3.3555555555555556,0.7606179609631122,3.3611111111111116,0.7853216912387934,ttest,-0.030489181417804646,0.9757636852275361
3,0,1,Intelligence,3.411111111111111,0.7825882981775567,3.094444444444444,0.733657936816585,ttest,1.7712213722930183,0.08087676572414125
4,0,1,Safety,3.296296296296296,0.4832284140821676,3.388888888888889,0.50709255283711,mannwhitneyu,582.0,0.22566628485831353
5,0,0,agreement with rational,-0.023809523809523805,0.4090806018078958,-0.023809523809523805,0.4090806018078958,wilcoxon,249.0,0.7736994895068448
6,0,0,Prefer,0.6666666666666666,0.47809144373375745,0.6666666666666666,0.47809144373375745,mannwhitneyu,648.0,0.4972488956873155
