,behavior1,behavior2,measurement,mean1,std1,mean2,std2,test_type,test_value,p_value
0,0,1,Anthropomorphism,2.704672897196262,0.8517887037099883,2.7140186915887847,0.8910930957580727,mannwhitneyu,5696.0,0.4752797797445216
1,0,1,Animacy,2.8862928348909658,0.6858857571996294,2.8271028037383177,0.7519803462283161,mannwhitneyu,5394.0,0.23238537993226405
2,0,1,Likability,3.327102803738318,0.7973505766987794,3.306542056074766,0.8187969808542958,mannwhitneyu,5661.5,0.44491006558487006
3,0,1,Intelligence,3.218691588785047,0.790764001375872,3.1345794392523363,0.7856139053329648,ttest,0.7805540135929255,0.43593551239536277
4,0,1,Safety,3.196261682242991,0.5569331848487955,3.25233644859813,0.6773377431010302,mannwhitneyu,5232.5,0.13500368402470214
5,0,0,agreement with rational,0.14018691588785048,0.39974063039290075,0.14018691588785048,0.39974063039290075,wilcoxon,1293.0,0.0005064100196348257
6,0,0,Prefer,0.4485981308411215,0.4996913171642104,0.4485981308411215,0.4996913171642104,mannwhitneyu,5724.5,0.4994887429017005
