,behavior1,behavior2,measurement,mean1,std1,mean2,std2,test_type,test_value,p_value
0,0,1,Anthropomorphism,2.6695652173913045,0.8836381635177726,2.5473214285714287,0.9216343273989432,mannwhitneyu,24018.0,0.10587509712792398
1,0,1,Animacy,2.921014492753623,0.7926260928269948,2.780505952380952,0.7423833083699911,mannwhitneyu,22895.0,0.01993457510736135
2,0,1,Likability,3.696521739130435,0.7447552201584721,3.300892857142857,0.8389610846001229,mannwhitneyu,18766.0,2.556458113191577e-07
3,0,1,Intelligence,3.513913043478261,0.7495427376405221,3.205357142857143,0.8544097467695226,mannwhitneyu,20490.5,7.762507807634652e-05
4,0,1,Safety,3.3492753623188403,0.6558340849178754,3.261904761904762,0.6468328749905596,mannwhitneyu,24003.5,0.10130141475295967
5,0,0,agreement with rational,0.1453416149068323,0.37665718965063755,0.15433673469387754,0.35338232493765814,wilcoxon,5486.0,3.693459792547433e-08
6,0,0,Prefer,0.5,0.5010905138363413,0.5,0.5010905138363413,mannwhitneyu,26450.0,0.49983843000011025
