,behavior1,behavior2,measurement,mean1,std1,mean2,std2,test_type,test_value,p_value
0,0,1,Anthropomorphism,2.6052863436123346,0.9085475532863371,2.6132158590308374,0.900738026854487,mannwhitneyu,25543.0,0.43704821330822563
1,0,1,Animacy,2.8362701908957413,0.7538763734575681,2.8671071953010276,0.7883647500472883,ttest,-0.4259310154928833,0.6703608588876314
2,0,1,Likability,3.513656387665198,0.8153061892890843,3.488986784140969,0.8185960000690163,mannwhitneyu,25445.5,0.4095531448675022
3,0,1,Intelligence,3.345374449339207,0.8285893844461449,3.3779735682819383,0.8064174785684838,mannwhitneyu,25262.0,0.35929456397499915
4,0,1,Safety,3.2819383259911894,0.6546120786877907,3.330396475770925,0.650233442255205,mannwhitneyu,24863.0,0.2566469395419102
5,0,0,agreement with rational,0.14977973568281938,0.36538738752344546,0.14977973568281938,0.36538738752344546,wilcoxon,4864.5,6.027330148856064e-09
