,behavior1,behavior2,measurement,mean1,std1,mean2,std2,test_type,test_value,p_value
0,0,1,Anthropomorphism,2.594713656387665,0.9083527256972945,2.6237885462555073,0.9007163860987627,mannwhitneyu,25388.0,0.39373684942580256
1,0,1,Animacy,2.854625550660793,0.7630618691808454,2.848751835535976,0.7797726508483863,mannwhitneyu,25313.5,0.3732803221582738
2,0,1,Likability,3.5083700440528633,0.8118974196187757,3.494273127753304,0.8221021916810115,mannwhitneyu,25674.5,0.4743799052866218
3,0,1,Intelligence,3.3656387665198237,0.819917928061092,3.357709251101322,0.8155404549592253,mannwhitneyu,25550.0,0.43895735612279263
4,0,1,Safety,3.2745961820851686,0.6391641011552626,3.3377386196769456,0.6648057923966838,mannwhitneyu,24025.5,0.10358911244667163
5,0,0,agreement with rational,0.14977973568281938,0.36538738752344546,0.14977973568281938,0.36538738752344546,wilcoxon,4864.5,6.027330148856064e-09
