,behavior1,behavior2,measurement,mean1,std1,mean2,std2,test_type,test_value,p_value
0,0,1,Anthropomorphism,2.72863436123348,0.9172966164392494,2.489867841409692,0.8756456430493659,mannwhitneyu,21764.5,0.0020676779035009676
1,0,1,Animacy,2.911160058737151,0.7813036375013608,2.792217327459618,0.7568261158740045,mannwhitneyu,23313.0,0.039349282543788444
2,0,1,Likability,3.5788546255506604,0.7896972148628473,3.4237885462555067,0.8363202742413753,mannwhitneyu,22985.5,0.02301793793883274
3,0,1,Intelligence,3.5568281938325987,0.7631354636227823,3.166519823788546,0.8237233368475275,mannwhitneyu,18736.0,2.2696186679416992e-07
4,0,1,Safety,3.3303964757709252,0.6487194779631664,3.2819383259911894,0.656112446080853,mannwhitneyu,24798.5,0.24180281760649447
5,0,1,Agreement,0.38640654499685334,0.2330054807399612,0.6135934550031465,0.23300548073996116,wilcoxon,3527.5,7.091987482671844e-17
