,behavior1,behavior2,measurement,mean1,std1,mean2,std2,test_type,test_value,p_value
0,0,1,Anthropomorphism,2.542857142857143,0.9168801670170648,2.5517857142857148,0.9304636200639702,mannwhitneyu,6220.0,0.45760026288686473
1,0,1,Animacy,2.788690476190476,0.6978381255549524,2.7723214285714284,0.7874756413647889,mannwhitneyu,6068.0,0.3369669083132126
2,0,1,Likability,3.3285714285714283,0.8326045719489974,3.273214285714286,0.8481014454509919,mannwhitneyu,6140.0,0.3927786027255547
3,0,1,Intelligence,3.2178571428571425,0.8601502367949624,3.192857142857143,0.852311566526588,ttest,0.21849352674309677,0.8272453247498003
4,0,1,Safety,3.232142857142857,0.5950063899090531,3.2916666666666665,0.6962289384496559,mannwhitneyu,5854.5,0.19147326501507522
5,0,0,agreement with rational,0.15433673469387754,0.3541773367972174,0.15433673469387754,0.3541773367972174,wilcoxon,1071.0,1.321111703441316e-05
6,0,0,Prefer,0.4375,0.498307947770062,0.4375,0.498307947770062,mannwhitneyu,6272.0,0.4995213191428135
