,behavior1,behavior2,measurement,mean1,std1,mean2,std2,test_type,test_value,p_value
0,0,1,Anthropomorphism,2.7046728971962612,0.8886478150336997,2.7140186915887847,0.8543394886761817,mannwhitneyu,5707.5,0.48542663548041587
1,0,1,Animacy,2.850467289719626,0.7067118249185392,2.8629283489096573,0.733595252008538,mannwhitneyu,5716.5,0.49337229833693735
2,0,1,Likability,3.3514018691588787,0.8055660714480043,3.2822429906542068,0.8093571970854342,mannwhitneyu,5488.0,0.30045368452252197
3,0,1,Intelligence,3.198130841121495,0.8165714458118919,3.155140186915888,0.7604906118607031,mannwhitneyu,5516.0,0.32244116045546256
4,0,1,Safety,3.1993769470404985,0.6071893060865051,3.2492211838006226,0.6329417159702438,mannwhitneyu,5512.5,0.3175155715080902
5,0,0,agreement with rational,0.14018691588785048,0.39974063039290075,0.14018691588785048,0.39974063039290075,wilcoxon,1293.0,0.0005064100196348257
6,0,0,Prefer,0.4953271028037383,0.5023310149673528,0.4953271028037383,0.5023310149673528,mannwhitneyu,5724.5,0.499491429503694
