,behavior1,behavior2,measurement,mean1,std1,mean2,std2,test_type,test_value,p_value
0,0,1,Anthropomorphism,2.666037735849057,0.9027879350685303,2.6283018867924532,0.9189802544105103,mannwhitneyu,5370.0,0.28923418604651685
1,0,1,Animacy,2.9213836477987427,0.6981485519708165,2.8694968553459117,0.7510150862521849,ttest,0.5209769748050168,0.6029317228445352
2,0,1,Likability,3.39811320754717,0.8392719216622024,3.2547169811320753,0.865214762821424,mannwhitneyu,5093.5,0.11944805087791693
3,0,1,Intelligence,3.3150943396226418,0.8164723717753204,3.230188679245283,0.840313978884509,mannwhitneyu,5427.0,0.334347695180473
4,0,1,Safety,3.3050314465408803,0.5598902472349264,3.30503144654088,0.6604758978949269,mannwhitneyu,5538.5,0.4285503832679124
5,0,0,agreement with rational,0.1293800539083558,0.3616871715486922,0.1293800539083558,0.3616871715486922,wilcoxon,1108.0,0.0003027176035762069
6,0,0,Prefer,0.44339622641509435,0.4991457212410455,0.44339622641509435,0.4991457212410455,mannwhitneyu,5618.0,0.49948091273387796
