,behavior1,behavior2,measurement,mean1,std1,mean2,std2,test_type,test_value,p_value
0,0,1,Anthropomorphism,2.6999999999999997,0.8494006601607286,2.278571428571429,0.7665976504477154,ttest,1.9489814973093122,0.056500436874152515
1,0,1,Animacy,2.75,0.651841329881409,2.636904761904762,0.6351396778243781,ttest,0.6575512800115518,0.5136197509015941
2,0,1,Likability,3.5142857142857147,0.6609276789675228,3.1999999999999997,0.709720863229836,ttest,1.7148160424389414,0.09211318085429578
3,0,1,Intelligence,3.65,0.6941554954416567,2.714285714285715,0.7590024084840943,ttest,4.813849113321005,1.2344531268191099e-05
4,0,1,Safety,3.3214285714285716,0.6634623167428586,3.2023809523809526,0.6869703614304136,mannwhitneyu,339.0,0.19107810334963732
5,0,0,agreement with rational,0.2397959183673469,0.3478767721036703,0.2397959183673469,0.3478767721036703,wilcoxon,36.5,0.0017252863272287147
6,0,0,Prefer,0.8214285714285714,0.3900210277874798,0.8214285714285714,0.3900210277874798,mannwhitneyu,392.0,0.4950734439894205
