,behavior1,behavior2,measurement,mean1,std1,mean2,std2,test_type,test_value,p_value
0,0,1,Anthropomorphism,2.9714285714285715,0.9301305591920187,2.4285714285714284,0.8815570640309436,ttest,1.9412025199298628,0.05930224738088371
1,0,1,Animacy,3.0396825396825395,0.6278374743354319,2.746031746031746,0.6679551041529821,ttest,1.467953492024113,0.14993695156131123
2,0,1,Likability,3.666666666666666,0.7330302403948512,3.2476190476190476,0.9228320798601701,ttest,1.6294061324565774,0.11107836163712051
3,0,1,Intelligence,3.6761904761904765,0.773243016072413,2.8761904761904766,0.9725763527378002,ttest,2.950548626825139,0.0052813952005627655
4,0,1,Safety,3.444444444444444,0.5409182864283594,3.222222222222222,0.669438681395203,mannwhitneyu,188.5,0.20827095052543965
5,0,0,agreement with rational,0.17006802721088435,0.4081292502833286,0.17006802721088435,0.4081292502833286,wilcoxon,37.5,0.061086447466473105
6,0,0,Prefer,0.8571428571428571,0.35856858280031806,0.8571428571428571,0.35856858280031806,mannwhitneyu,220.5,0.4917239201922793
