,behavior1,behavior2,measurement,mean1,std1,mean2,std2,test_type,test_value,p_value
0,0,1,Anthropomorphism,2.5785123966942147,0.8894948577301471,2.5735537190082645,0.9132148884610276,mannwhitneyu,7296.0,0.4823791563538868
1,0,1,Animacy,2.81129476584022,0.784379369180787,2.815426997245179,0.8360515813689485,ttest,-0.03964980860643332,0.9684052798341524
2,0,1,Likability,3.657851239669421,0.7582602967886096,3.6512396694214884,0.7467837373786491,mannwhitneyu,7311.0,0.49337147608973764
3,0,1,Intelligence,3.418181818181818,0.8103497187428812,3.4611570247933887,0.7940793307164431,mannwhitneyu,7090.0,0.3357712602989239
4,0,1,Safety,3.2837465564738295,0.7053514451371209,3.3305785123966936,0.6715044852013622,mannwhitneyu,7083.0,0.32974825829487286
5,0,0,agreement with rational,0.16765053128689492,0.369167884835637,0.16765053128689492,0.369167884835637,wilcoxon,1340.5,4.552415637420722e-06
6,0,0,Prefer,0.5289256198347108,0.5012381364396444,0.5289256198347108,0.5012381364396444,mannwhitneyu,7320.5,0.4995762831600864
