,behavior1,behavior2,measurement,mean1,std1,mean2,std2,test_type,test_value,p_value
0,0,1,Anthropomorphism,2.5760330578512396,0.8995641907848921,2.647169811320755,0.9089557100738153,mannwhitneyu,24232.5,0.15394633487141557
1,0,1,Animacy,2.8133608815426996,0.808946402623627,2.895440251572327,0.7238109059606029,mannwhitneyu,23967.0,0.1129350124069392
2,0,1,Likability,3.6545454545454543,0.7509882838564305,3.3264150943396227,0.8533515620724322,mannwhitneyu,19890.0,1.6914582594107174e-05
3,0,1,Intelligence,3.439669421487604,0.8008791164364708,3.2726415094339623,0.8276081013702289,mannwhitneyu,22906.5,0.024149478470141317
4,0,1,Safety,3.3071625344352613,0.6876062353773663,3.30503144654088,0.6107996373651308,mannwhitneyu,24967.0,0.30933914153219255
5,0,0,agreement with rational,0.16765053128689492,0.36840118019735824,0.1293800539083558,0.36082907503360817,wilcoxon,5333.0,9.136772016291811e-11
6,0,0,Prefer,0.5,0.5010362705417046,0.5,0.5010362705417046,mannwhitneyu,29282.0,0.4998502892834354
