,behavior1,behavior2,measurement,mean1,std1,mean2,std2,test_type,test_value,p_value
0,0,1,Anthropomorphism,2.7886792452830185,0.9120694161883139,2.505660377358491,0.887675422092176,mannwhitneyu,4615.0,0.012206863489759997
1,0,1,Animacy,2.9716981132075477,0.7213566356713537,2.819182389937107,0.7215935937667678,ttest,1.5389736771625802,0.1253161284677274
2,0,1,Likability,3.4433962264150937,0.8399567866350005,3.209433962264151,0.8545149893513019,mannwhitneyu,4784.0,0.030507452356670597
3,0,1,Intelligence,3.516981132075472,0.7608856616580453,3.0283018867924527,0.8227427668338133,ttest,4.489598289212321,1.1762165589281577e-05
4,0,1,Safety,3.380503144654088,0.5827115584124597,3.229559748427673,0.6313891756318929,mannwhitneyu,4970.0,0.06999110523076651
5,0,0,agreement with rational,0.1293800539083558,0.3616871715486922,0.1293800539083558,0.3616871715486922,wilcoxon,1108.0,0.0003027176035762069
6,0,0,Prefer,0.7358490566037735,0.4429745084023906,0.7358490566037735,0.4429745084023906,mannwhitneyu,5618.0,0.49941509011646507
