,deployment,x,n,binom_pvalue
0,ri,416,777,0.05264617406017209
1,rh,606,812,1.886898277729716e-46
2,ih,466,728,3.647947609945214e-14
