,gs3,pa
NARS_S1,-0.1099026722037846,
NARS_S2,-0.17987274105867074,
NARS_S3,-0.19124261865495756,
BFI_S1,,
BFI_S2,0.11611341043908857,
BFI_S3,,
BFI_S4,,
BFI_S5,,
gs3,1.0,
pa,,1.0
p1,,0.7257394620949241
