,gs3,pa
NARS_S1,,
NARS_S2,-0.2890400879118779,
NARS_S3,-0.19475792566572447,
BFI_S1,,0.2328440266618913
BFI_S2,,
BFI_S3,,
BFI_S4,,
BFI_S5,0.19515022389448067,
gs3,1.0,
pa,,1.0
p1,,0.8058902058848144
