,Q10.1,Q12.1,Q14.1,Q16.1,Q18.1,Q5.1,Q7.1,analyst,bartender,investments,jury,prefer
half,41.0,36.0,26.0,40.0,29.0,42.0,48.0,32.0,42.0,28.0,32.0,27.0
irrational,63.0,68.0,78.0,64.0,75.0,62.0,56.0,72.0,62.0,76.0,72.0,77.0
chi_square_p_value,0.03098405009845654,0.0017018720926730208,3.4141735772975244e-07,0.018602929901135774,6.462284982453697e-06,0.049860203756906855,0.43276758066778465,8.769942375590228e-05,0.049860203756906855,2.5165130527218994e-06,8.769942375590228e-05,9.443043861123425e-07
chi_square_statistics,4.653846153846154,9.846153846153847,26.0,5.538461538461538,20.346153846153847,3.8461538461538463,0.6153846153846154,15.384615384615385,3.8461538461538463,22.153846153846153,15.384615384615385,24.03846153846154
