,Q10.1,Q12.1,Q14.1,Q16.1,Q18.1,Q5.1,Q7.1,analyst,bartender,investments,jury,prefer
irrational,42.0,72.0,62.0,47.0,69.0,41.0,28.0,52.0,57.0,54.0,46.0,49.0
rational,69.0,39.0,49.0,64.0,42.0,70.0,83.0,59.0,54.0,57.0,65.0,62.0
chi_square_p_value,0.010385379619448904,0.0017348900221975767,0.21723815915486128,0.10662103385667722,0.010385379619448904,0.005913163714189115,1.7856700293101785e-07,0.5064275522686171,0.7758376742179303,0.7758376742179303,0.07132538750704982,0.21723815915486128
chi_square_statistics,6.5675675675675675,9.81081081081081,1.5225225225225225,2.6036036036036037,6.5675675675675675,7.576576576576577,27.25225225225225,0.44144144144144143,0.08108108108108109,0.08108108108108109,3.2522522522522523,1.5225225225225225
