,Q10.1,Q12.1,Q14.1,Q16.1,Q18.1,Q5.1,Q7.1,analyst,bartender,investments,jury,prefer
half,36.0,33.0,35.0,43.0,20.0,22.0,17.0,17.0,43.0,20.0,21.0,17.0
rational,80.0,83.0,81.0,73.0,96.0,94.0,99.0,99.0,73.0,96.0,95.0,99.0
chi_square_p_value,4.402038910988803e-05,3.4441291566632383e-06,1.9460471096554134e-05,0.005345676872654248,1.7084342145854064e-12,2.3087391446526267e-11,2.6675302168859586e-14,2.6675302168859586e-14,0.005345676872654248,1.7084342145854064e-12,6.3875302090789664e-12,2.6675302168859586e-14
chi_square_statistics,16.689655172413794,21.551724137931036,18.24137931034483,7.758620689655173,49.793103448275865,44.689655172413794,57.96551724137931,57.96551724137931,7.758620689655173,49.793103448275865,47.206896551724135,57.96551724137931
