,Q10.1,Q12.1,Q14.1,Q16.1,Q18.1,Q5.1,Q7.1,analyst,bartender,investments,jury,prefer
irrational,78.0,105.0,97.0,90.0,89.0,63.0,45.0,69.0,100.0,74.0,67.0,66.0
rational,149.0,122.0,130.0,137.0,138.0,164.0,182.0,158.0,127.0,153.0,160.0,161.0
chi_square_p_value,2.4477355408533912e-06,0.25918073459943214,0.028503434246852873,0.0018115852863787932,0.0011449759366470265,2.033388385187661e-11,9.6334947018912e-20,3.4810325654085433e-09,0.07312448598589047,1.5763216068455923e-07,6.716462367201878e-10,2.875035236288949e-10
chi_square_statistics,22.207048458149778,1.2731277533039647,4.797356828193832,9.731277533039648,10.577092511013216,44.93832599118943,82.68281938325991,34.8942731277533,3.211453744493392,27.493392070484582,38.10132158590309,39.757709251101325
